id,first_name,last_name,gender,age,email,city,country
1,Alexander,Rodriguez,Male,33,alexander.rodriguez@example.com,San Diego,Germany
2,Kevin,Wilson,Male,20,kevin.wilson@mail.com,New York,UK
3,Robert,Martin,Male,19,robert.martin@sample.org,Seattle,Spain
4,Stephanie,Anderson,Female,55,stephanie.anderson@mail.com,Dallas,USA
5,Nicole,Rodriguez,Female,27,nicole.rodriguez@example.com,San Antonio,Japan
6,Justin,Brown,Male,40,justin.brown@test.com,Jacksonville,South Africa
7,Jonathan,Moore,Male,25,jonathan.moore@sample.org,San Francisco,UK
8,Rebecca,Lopez,Female,54,rebecca.lopez@example.com,San Antonio,UK
9,William,Williams,Male,32,william.williams@test.com,Houston,India
10,Megan,Garcia,Female,41,megan.garcia@test.com,Jacksonville,Spain
11,Thomas,Garcia,Male,52,thomas.garcia@demo.com,San Diego,France
12,Brittany,Moore,Female,32,brittany.moore@mail.com,Austin,Canada
13,Ryan,Gonzalez,Male,35,ryan.gonzalez@sample.org,Chicago,Spain
14,Ashley,Thomas,Female,43,ashley.thomas@test.com,Fort Worth,Germany
15,Andrew,Moore,Male,52,andrew.moore@demo.com,Dallas,Argentina
16,Megan,Davis,Female,26,megan.davis@example.com,Charlotte,Netherlands
17,Matthew,Jones,Male,58,matthew.jones@sample.org,Philadelphia,China
18,Justin,Gonzalez,Male,56,justin.gonzalez@test.com,Fort Worth,Sweden
19,Matthew,Moore,Male,66,matthew.moore@example.com,Dallas,Japan
20,Lauren,Garcia,Female,47,lauren.garcia@sample.org,New York,Brazil
21,Robert,Brown,Male,58,robert.brown@sample.org,San Jose,Sweden
22,David,Lopez,Male,66,david.lopez@sample.org,Philadelphia,Norway
23,Thomas,Hernandez,Male,49,thomas.hernandez@test.com,New York,Australia
24,Stephanie,Johnson,Female,33,stephanie.johnson@example.com,Denver,UK
25,Amanda,Moore,Female,67,amanda.moore@demo.com,Phoenix,Germany
26,Joseph,Taylor,Male,56,joseph.taylor@sample.org,Columbus,Spain
27,William,Gonzalez,Male,60,william.gonzalez@sample.org,Jacksonville,Russia
28,Sarah,Davis,Female,32,sarah.davis@example.com,Chicago,Japan
29,Kevin,Davis,Male,18,kevin.davis@mail.com,Chicago,Canada
30,Michael,Hernandez,Male,22,michael.hernandez@test.com,Charlotte,Italy
31,Ashley,Moore,Female,26,ashley.moore@demo.com,Denver,Argentina
32,Anthony,Wilson,Male,30,anthony.wilson@demo.com,Houston,Australia
33,Lauren,Wilson,Female,47,lauren.wilson@example.com,Los Angeles,Australia
34,Nicole,Brown,Female,33,nicole.brown@sample.org,San Antonio,Spain
35,Jennifer,Wilson,Female,29,jennifer.wilson@mail.com,Dallas,Russia
36,Jonathan,Moore,Male,24,jonathan.moore@example.com,Los Angeles,Norway
37,Andrew,Garcia,Male,44,andrew.garcia@mail.com,Indianapolis,Netherlands
38,Jessica,Garcia,Female,42,jessica.garcia@test.com,New York,India
39,Samantha,Wilson,Female,62,samantha.wilson@mail.com,Seattle,Netherlands
40,William,Miller,Male,21,william.miller@example.com,Denver,Norway
41,Jessica,Johnson,Female,55,jessica.johnson@sample.org,Indianapolis,Sweden
42,Michael,Taylor,Male,23,michael.taylor@sample.org,Philadelphia,UK
43,Andrew,Gonzalez,Male,25,andrew.gonzalez@sample.org,Denver,Italy
44,Thomas,Williams,Male,44,thomas.williams@sample.org,Denver,Argentina
45,Brittany,Miller,Female,60,brittany.miller@test.com,Austin,Italy
46,Jennifer,Martinez,Female,47,jennifer.martinez@example.com,Austin,UK
47,Rebecca,Jackson,Female,24,rebecca.jackson@mail.com,Chicago,Norway
48,Jennifer,Lopez,Female,22,jennifer.lopez@test.com,San Diego,South Korea
49,Jonathan,Moore,Male,63,jonathan.moore@sample.org,San Jose,South Africa
50,John,Martinez,Male,60,john.martinez@test.com,Houston,Germany
51,Matthew,Moore,Male,27,matthew.moore@sample.org,Dallas,Mexico
52,Ryan,Miller,Male,61,ryan.miller@demo.com,Dallas,Sweden
53,Jessica,Williams,Female,58,jessica.williams@example.com,Columbus,Brazil
54,Ryan,Jones,Male,58,ryan.jones@demo.com,Dallas,France
55,Katherine,Smith,Female,25,katherine.smith@sample.org,Chicago,Germany
56,Brandon,Jackson,Male,53,brandon.jackson@mail.com,Phoenix,China
57,William,Lopez,Male,68,william.lopez@mail.com,Los Angeles,South Korea
58,Matthew,Lopez,Male,67,matthew.lopez@sample.org,Seattle,China
59,Andrew,Garcia,Male,69,andrew.garcia@example.com,Philadelphia,China
60,Ryan,Wilson,Male,69,ryan.wilson@mail.com,San Diego,Brazil
61,Justin,Johnson,Male,48,justin.johnson@demo.com,San Diego,Spain
62,Samantha,Davis,Female,32,samantha.davis@demo.com,New York,Spain
63,Brittany,Williams,Female,67,brittany.williams@sample.org,Dallas,South Korea
64,Katherine,Hernandez,Female,19,katherine.hernandez@mail.com,Houston,Brazil
65,Jessica,Brown,Female,56,jessica.brown@test.com,Columbus,South Korea
66,Rebecca,Taylor,Female,25,rebecca.taylor@mail.com,San Francisco,Argentina
67,Jessica,Wilson,Female,18,jessica.wilson@mail.com,Charlotte,Norway
68,Lauren,Williams,Female,60,lauren.williams@test.com,Austin,South Africa
69,William,Taylor,Male,37,william.taylor@demo.com,Columbus,Japan
70,Katherine,Jones,Female,30,katherine.jones@mail.com,Columbus,India
71,Heather,Moore,Female,18,heather.moore@mail.com,San Jose,Mexico
72,Melissa,Martin,Female,59,melissa.martin@demo.com,Austin,Russia
73,Ashley,Taylor,Female,48,ashley.taylor@test.com,Philadelphia,UK
74,Amanda,Davis,Female,61,amanda.davis@mail.com,San Jose,Italy
75,Alexander,Johnson,Male,33,alexander.johnson@example.com,Indianapolis,South Africa
76,Lauren,Jackson,Female,30,lauren.jackson@demo.com,San Francisco,Netherlands
77,David,Smith,Male,66,david.smith@mail.com,Houston,China
78,Robert,Anderson,Male,21,robert.anderson@example.com,Seattle,Italy
79,Jennifer,Anderson,Female,60,jennifer.anderson@sample.org,Charlotte,Norway
80,Rachel,Martin,Female,70,rachel.martin@sample.org,Charlotte,China
81,Emily,Thomas,Female,46,emily.thomas@test.com,Dallas,Italy
82,Stephanie,Rodriguez,Female,46,stephanie.rodriguez@mail.com,Chicago,Mexico
83,Nicole,Hernandez,Female,52,nicole.hernandez@mail.com,Chicago,Germany
84,Justin,Jones,Male,63,justin.jones@demo.com,San Antonio,UK
85,Nicole,Moore,Female,47,nicole.moore@mail.com,Columbus,Canada
86,Heather,Jackson,Female,62,heather.jackson@demo.com,New York,Argentina
87,Elizabeth,Lopez,Female,37,elizabeth.lopez@sample.org,San Francisco,China
88,Anthony,Davis,Male,35,anthony.davis@example.com,Columbus,Netherlands
89,Nicole,Gonzalez,Female,64,nicole.gonzalez@mail.com,Philadelphia,Russia
90,Justin,Jackson,Male,54,justin.jackson@demo.com,New York,UK
91,Jonathan,Garcia,Male,21,jonathan.garcia@test.com,Dallas,India
92,Jonathan,Hernandez,Male,39,jonathan.hernandez@demo.com,San Francisco,Brazil
93,Amanda,Thomas,Female,19,amanda.thomas@test.com,Seattle,Canada
94,Daniel,Johnson,Male,66,daniel.johnson@mail.com,New York,Italy
95,Thomas,Jones,Male,33,thomas.jones@example.com,Phoenix,Netherlands
96,Jonathan,Rodriguez,Male,67,jonathan.rodriguez@sample.org,Jacksonville,France
97,Christopher,Martinez,Male,24,christopher.martinez@test.com,Denver,USA
98,Heather,Miller,Female,22,heather.miller@example.com,Denver,Italy
99,Rebecca,Brown,Female,68,rebecca.brown@test.com,Denver,Canada
100,Megan,Williams,Female,50,megan.williams@demo.com,Austin,USA
101,Sarah,Wilson,Female,41,sarah.wilson@demo.com,Fort Worth,Germany
102,Robert,Rodriguez,Male,57,robert.rodriguez@demo.com,Seattle,Netherlands
103,Melissa,Rodriguez,Female,38,melissa.rodriguez@test.com,San Diego,UK
104,Stephanie,Anderson,Female,54,stephanie.anderson@test.com,Washington,India
105,Anthony,Hernandez,Male,29,anthony.hernandez@test.com,Indianapolis,Spain
106,Nicole,Rodriguez,Female,56,nicole.rodriguez@example.com,Dallas,Norway
107,Daniel,Davis,Male,64,daniel.davis@sample.org,Columbus,Netherlands
108,Anthony,Thomas,Male,46,anthony.thomas@test.com,New York,UK
109,Justin,Davis,Male,37,justin.davis@demo.com,Denver,South Korea
110,Lauren,Moore,Female,39,lauren.moore@test.com,Jacksonville,Russia
111,Brittany,Davis,Female,25,brittany.davis@example.com,San Antonio,Japan
112,James,Miller,Male,65,james.miller@sample.org,Indianapolis,Brazil
113,Sarah,Miller,Female,36,sarah.miller@mail.com,San Diego,South Korea
114,Elizabeth,Moore,Female,26,elizabeth.moore@example.com,Dallas,Canada
115,Jennifer,Thomas,Female,24,jennifer.thomas@test.com,New York,Argentina
116,Michelle,Anderson,Female,39,michelle.anderson@test.com,Philadelphia,Canada
117,Sarah,Williams,Female,43,sarah.williams@sample.org,Indianapolis,UK
118,David,Jones,Male,69,david.jones@example.com,Denver,Mexico
119,Matthew,Moore,Male,66,matthew.moore@sample.org,Columbus,South Africa
120,Robert,Gonzalez,Male,46,robert.gonzalez@sample.org,Fort Worth,Mexico
121,Samantha,Jackson,Female,57,samantha.jackson@example.com,Los Angeles,South Africa
122,James,Rodriguez,Male,60,james.rodriguez@mail.com,Chicago,France
123,John,Williams,Male,28,john.williams@demo.com,New York,China
124,Samantha,Johnson,Female,32,samantha.johnson@demo.com,San Jose,Mexico
125,Andrew,Rodriguez,Male,68,andrew.rodriguez@demo.com,Denver,Spain
126,John,Davis,Male,59,john.davis@mail.com,Phoenix,Brazil
127,Michael,Garcia,Male,68,michael.garcia@sample.org,San Jose,South Africa
128,Rachel,Brown,Female,47,rachel.brown@test.com,San Jose,India
129,Rachel,Williams,Female,56,rachel.williams@test.com,Los Angeles,China
130,Elizabeth,Williams,Female,32,elizabeth.williams@example.com,Denver,Argentina
131,Melissa,Johnson,Female,66,melissa.johnson@sample.org,Philadelphia,Netherlands
132,Brittany,Garcia,Female,55,brittany.garcia@example.com,Columbus,Netherlands
133,Megan,Wilson,Female,39,megan.wilson@mail.com,Austin,Australia
134,Lauren,Thomas,Female,36,lauren.thomas@example.com,San Francisco,Norway
135,Amanda,Hernandez,Female,34,amanda.hernandez@demo.com,Austin,Australia
136,John,Anderson,Male,44,john.anderson@sample.org,Los Angeles,Spain
137,Rebecca,Thomas,Female,58,rebecca.thomas@mail.com,Fort Worth,Canada
138,Katherine,Jones,Female,36,katherine.jones@example.com,Fort Worth,Netherlands
139,Thomas,Davis,Male,63,thomas.davis@sample.org,Philadelphia,Mexico
140,John,Wilson,Male,23,john.wilson@demo.com,San Diego,Australia
141,David,Thomas,Male,63,david.thomas@test.com,San Jose,Sweden
142,Michelle,Thomas,Female,33,michelle.thomas@mail.com,Fort Worth,Norway
143,Ashley,Martin,Female,50,ashley.martin@test.com,Phoenix,UK
144,Nicole,Taylor,Female,35,nicole.taylor@test.com,New York,Mexico
145,Jennifer,Anderson,Female,52,jennifer.anderson@test.com,Indianapolis,South Korea
146,Rachel,Hernandez,Female,30,rachel.hernandez@demo.com,San Diego,Argentina
147,Joshua,Johnson,Male,38,joshua.johnson@demo.com,Indianapolis,India
148,Anthony,Johnson,Male,26,anthony.johnson@test.com,Charlotte,Argentina
149,Jonathan,Brown,Male,51,jonathan.brown@mail.com,Fort Worth,USA
150,Jennifer,Williams,Female,48,jennifer.williams@sample.org,Dallas,Japan
151,Amanda,Hernandez,Female,61,amanda.hernandez@test.com,Seattle,India
152,Katherine,Johnson,Female,57,katherine.johnson@test.com,Chicago,Italy
153,Daniel,Wilson,Male,24,daniel.wilson@mail.com,Houston,Russia
154,Elizabeth,Johnson,Female,38,elizabeth.johnson@test.com,Los Angeles,Mexico
155,Lauren,Jones,Female,33,lauren.jones@sample.org,Charlotte,China
156,Christopher,Garcia,Male,23,christopher.garcia@sample.org,Washington,India
157,Anthony,Jackson,Male,27,anthony.jackson@test.com,San Diego,Russia
158,Brittany,Smith,Female,69,brittany.smith@sample.org,Fort Worth,Mexico
159,Daniel,Anderson,Male,40,daniel.anderson@demo.com,Denver,Mexico
160,Rachel,Martinez,Female,30,rachel.martinez@example.com,San Francisco,Netherlands
161,Justin,Jackson,Male,40,justin.jackson@test.com,Denver,Mexico
162,Justin,Rodriguez,Male,18,justin.rodriguez@sample.org,Denver,Canada
163,Samantha,Davis,Female,56,samantha.davis@mail.com,Jacksonville,Italy
164,Jennifer,Brown,Female,58,jennifer.brown@demo.com,Los Angeles,Mexico
165,Kevin,Lopez,Male,64,kevin.lopez@test.com,Phoenix,UK
166,Lauren,Garcia,Female,30,lauren.garcia@test.com,Phoenix,Norway
167,Emily,Rodriguez,Female,70,emily.rodriguez@test.com,Indianapolis,Mexico
168,Jonathan,Williams,Male,27,jonathan.williams@sample.org,San Diego,India
169,Amanda,Gonzalez,Female,18,amanda.gonzalez@example.com,Dallas,Norway
170,Megan,Rodriguez,Female,55,megan.rodriguez@example.com,San Francisco,South Korea
171,Anthony,Smith,Male,57,anthony.smith@sample.org,Seattle,Japan
172,Daniel,Anderson,Male,62,daniel.anderson@example.com,San Jose,China
173,Michael,Johnson,Male,37,michael.johnson@example.com,Indianapolis,Australia
174,John,Jones,Male,42,john.jones@sample.org,Fort Worth,South Korea
175,Melissa,Jones,Female,44,melissa.jones@sample.org,Houston,Netherlands
176,Brittany,Johnson,Female,62,brittany.johnson@demo.com,Jacksonville,Spain
177,Stephanie,Lopez,Female,24,stephanie.lopez@test.com,Jacksonville,Norway
178,Justin,Rodriguez,Male,30,justin.rodriguez@example.com,Houston,Russia
179,Thomas,Smith,Male,21,thomas.smith@mail.com,Austin,Italy
180,Daniel,Moore,Male,31,daniel.moore@mail.com,Denver,Spain
181,Jennifer,Martin,Female,18,jennifer.martin@mail.com,Dallas,Germany
182,Emily,Brown,Female,60,emily.brown@example.com,New York,Germany
183,Stephanie,Jackson,Female,38,stephanie.jackson@test.com,New York,France
184,David,Wilson,Male,51,david.wilson@demo.com,Houston,UK
185,Megan,Taylor,Female,55,megan.taylor@sample.org,Houston,Russia
186,Thomas,Johnson,Male,64,thomas.johnson@demo.com,Charlotte,Mexico
187,Michael,Thomas,Male,43,michael.thomas@demo.com,Columbus,Australia
188,Amanda,Williams,Female,38,amanda.williams@example.com,Washington,Germany
189,Joseph,Martin,Male,58,joseph.martin@test.com,Denver,Norway
190,Rebecca,Taylor,Female,36,rebecca.taylor@sample.org,Fort Worth,Sweden
191,Sarah,Brown,Female,59,sarah.brown@demo.com,Seattle,Spain
192,Stephanie,Wilson,Female,39,stephanie.wilson@demo.com,Fort Worth,India
193,Ryan,Wilson,Male,38,ryan.wilson@mail.com,Dallas,South Korea
194,Amanda,Williams,Female,23,amanda.williams@example.com,Chicago,China
195,Jennifer,Moore,Female,21,jennifer.moore@sample.org,Denver,Norway
196,Sarah,Wilson,Female,40,sarah.wilson@test.com,Columbus,Canada
197,Megan,Brown,Female,54,megan.brown@mail.com,Charlotte,Spain
198,Stephanie,Brown,Female,40,stephanie.brown@example.com,Seattle,South Korea
199,Melissa,Davis,Female,69,melissa.davis@sample.org,Columbus,Norway
200,Thomas,Rodriguez,Male,19,thomas.rodriguez@test.com,Philadelphia,Brazil
